Genre,TotalEarnings,OnlineEarnings,TotalPlayers,TotalTournaments,AvgPlayerTourment
Multiplayer Online Battle Arena,445974616.58,400193902.13,17291,5539,3.121682614190287
First-Person Shooter,296969619.31,198146790.85000002,44506,13348,3.3342822894815702
Battle Royale,202033493.53,103289199.75999999,12450,1686,7.384341637010676
Strategy,77578197.16999999,56395996.019999996,9295,10940,0.8496343692870201
Collectible Card Game,41612491.03,28992624.44,4425,1618,2.7348578491965387
